State,Year,Voters (Cr),Poll Stns (PS),CAPF (Coys),State Police,Class A/B (Officers),Class C (Staff),Class D (Support),EVM Sets (Allocated),PS Infra Budget (₹ Cr),CAPF Budget (₹ Cr),Police Budget (₹ Cr),Cl-A/B Budget (₹ Cr),Cl-C Budget (₹ Cr),Cl-D Budget (₹ Cr),EVM/ Logist. Cost (₹ Cr),Total Security Cost (₹ Cr),Total Admin Cost (₹ Cr),Grand Total Budget (₹ Cr),Cost Per Voter (₹),Total Human Force
Assam,2024,2.45,"28,823",320,"43,234",960,"1,44,115","57,646","36,028",57.7,112.0,21.6,1.0,36.0,5.8,20.2,133.6,42.8,254.2,103,~2.7 Lakh
Assam,2021,2.33,"33,530",320,"50,295",1117,"1,67,650","67,060","41,912",67.0,112.0,20.0,1.0,42.0,7.0,16.0,132.0,50.0,265.0,113,~3.1 Lakh
Assam,2016,1.99,"23,411",250,"35,116",780,"1,17,055","46,822","29,263",35.1,65.6,13.2,0.6,22.0,3.5,12.3,78.8,26.0,152.3,76,~2.2 Lakh
Assam,2011,1.81,"21,294",200,"31,941",709,"1,06,470","42,588","26,617",23.4,38.5,8.8,0.4,14.6,2.3,8.2,47.3,17.4,96.3,53,~2.0 Lakh
Assam,2006,1.74,"20,470",150,"30,705",682,"1,02,350","40,940","25,587",16.4,21.0,6.1,0.3,10.2,1.6,5.7,27.1,12.2,61.4,35,~1.9 Lakh
Assam,2001,1.44,"16,941",150,"25,411",564,"84,705","33,882","21,176",10.2,15.8,3.8,0.2,6.4,1.0,3.6,19.6,7.5,40.8,28,~1.6 Lakh
Assam,1996,1.25,"16,666",300,"24,999",555,"83,330","33,332",0,6.7,21.0,2.5,0.1,4.2,0.7,2.3,23.5,4.9,37.4,29,~1.7 Lakh
Assam,1991,1.18,"15,733",300,"23,599",524,"78,665","31,466",0,3.8,12.6,1.4,0.1,2.4,0.4,1.3,14.0,2.8,21.9,18,~1.6 Lakh
Assam,1985,0.98,"13,066",200,"19,599",435,"65,330","26,132",0,2.1,5.6,0.8,0.03,1.3,0.2,0.7,6.4,1.6,10.8,10,~1.3 Lakh
Assam,1983,0.87,"11,600",150,"17,400",386,"58,000","23,200",0,1.6,3.7,0.6,0.03,1.0,0.2,0.6,4.3,1.2,7.7,8,~1.1 Lakh
Assam,1978,0.79,"10,533",30,"15,799",351,"52,665","21,066",0,1.1,0.5,0.4,0.02,0.7,0.1,0.4,0.9,0.8,3.1,3,~0.9 Lakh
Assam,1972,0.63,"8,400",15,"12,600",280,"42,000","16,800",0,0.5,0.2,0.2,0.01,0.3,0.1,0.2,0.4,0.4,1.4,2,~0.7 Lakh
Arunachal,2024,0.089,"2,226",90,"8,904",111,"11,130","4,452","3,005",4.50,31.00,4.00,0.10,2.70,0.40,1.10,35.00,3.20,43.80,492,~32.7 K
Arunachal,2019,0.080,"2,000",60,"8,000",100,"10,000","4,000","2,700",4.00,16.80,3.20,0.08,2.40,0.32,1.92,20.00,2.80,28.72,359,~27.5 K
Arunachal,2014,0.076,"1,900",60,"7,600",95,"9,500","3,800","2,565",2.85,12.60,2.28,0.06,1.71,0.23,1.37,14.88,1.99,21.09,277,~26.4 K
Arunachal,2009,0.073,"1,825",40,"7,300",91,"9,125","3,650","2,463",2.05,6.30,1.64,0.04,1.23,0.16,0.99,7.94,1.44,12.42,170,~23.8 K
Arunachal,2004,0.068,"1,700",40,"6,800",85,"8,500","3,400","2,295",1.49,4.90,1.19,0.03,0.89,0.12,0.71,6.09,1.04,9.33,137,~22.4 K
Arunachal,1999,0.061,"1,525",20,"6,100",76,"7,625","3,050",0,0.95,1.75,0.76,0.02,0.57,0.08,0.46,2.51,0.67,4.59,75,~18.7 K
Arunachal,1995,0.054,"1,350",20,"5,400",67,"6,750","2,700",0,0.61,1.26,0.49,0.01,0.36,0.05,0.29,1.75,0.43,3.07,56,~16.7 K
Arunachal,1990,0.048,"1,200",20,"4,800",60,"6,000","2,400",0,0.36,0.84,0.29,0.01,0.22,0.03,0.17,1.13,0.25,1.91,39,~15.1 K
Arunachal,1984,0.032,800,10,"3,200",40,"4,000","1,600",0,0.14,0.25,0.11,0.00,0.08,0.01,0.07,0.36,0.10,0.66,20,~9.7 K
Arunachal,1980,0.027,675,10,"2,700",33,"3,375","1,350",0,0.08,0.17,0.07,0.00,0.05,0.01,0.04,0.24,0.06,0.43,15,~8.4 K
Arunachal,1978,0.024,600,10,"2,400",30,"3,000","1,200",0,0.06,0.14,0.05,0.00,0.04,0.00,0.03,0.19,0.04,0.32,13,~7.5 K
Meghalaya,2023,0.216,"3,482",120,"10,446",116,"17,410","6,964","4,352",7.0,42.0,4.0,0.1,4.0,0.7,2.0,46.0,4.8,59.8,276,~45.7 K
Meghalaya,2018,0.189,"2,907",100,"8,721",96,"14,535","5,814","3,633",4.7,28.0,3.5,0.1,2.9,0.5,1.6,31.5,3.5,41.2,218,~38.2 K
Meghalaya,2013,0.150,"2,307",100,"6,921",76,"11,535","4,614","2,883",2.8,21.0,2.1,0.05,1.7,0.3,1.0,23.1,2.1,28.9,192,~32.1 K
Meghalaya,2008,0.123,"1,892",80,"5,676",63,"9,460","3,784","2,365",1.7,12.6,1.3,0.03,1.1,0.2,0.6,13.9,1.3,17.4,141,~26.2 K
Meghalaya,2003,0.113,"1,738",80,"5,214",57,"8,690","3,476","2,172",1.2,9.8,0.9,0.02,0.8,0.1,0.4,10.7,0.9,13.3,117,~24.6 K
Meghalaya,1998,0.107,"1,646",40,"4,938",54,"8,230","3,292",0,0.8,3.5,0.6,0.01,0.5,0.1,0.3,4.1,0.6,5.8,54,~20.1 K
Meghalaya,1993,0.096,"1,476",40,"4,428",49,"7,380","2,952",0,0.5,2.5,0.4,0.01,0.3,0.1,0.2,2.9,0.4,4.0,41,~18.4 K
Meghalaya,1988,0.082,"1,261",20,"3,783",42,"6,305","2,522",0,0.3,0.8,0.2,0.01,0.2,0.03,0.1,1.1,0.2,1.7,20,~14.5 K
Meghalaya,1983,0.069,"1,061",20,"3,183",35,"5,305","2,122",0,0.2,0.6,0.1,0.00,0.1,0.02,0.1,0.7,0.1,1.0,15,~12.4 K
Meghalaya,1978,0.058,892,20,"2,676",29,"4,460","1,784",0,0.1,0.4,0.1,0.00,0.1,0.01,0.0,0.4,0.1,0.6,10,~10.7 K
Meghalaya,1972,0.045,692,20,"2,076",23,"3,460","1,384",0,0.0,0.2,0.0,0.00,0.0,0.00,0.0,0.2,0.0,0.3,7,~8.7 K
Nagaland,2023,0.131,"2,315",305,"20,000",92,"11,575","4,630","2,893",4.6,106.0,10.0,0.1,2.7,0.5,1.2,116.0,3.3,125.1,954,~63.7 K
Nagaland,2018,0.118,"1,966",280,"15,728",78,"9,830","3,932","2,457",3.9,78.4,6.3,0.06,2.4,0.3,1.3,84.7,2.7,92.6,784,~54.8 K
Nagaland,2013,0.109,"1,816",250,"14,528",72,"9,080","3,632","2,270",2.7,52.5,4.4,0.04,1.6,0.2,0.9,56.9,1.9,62.4,572,~49.8 K
Nagaland,2008,0.103,"1,716",200,"13,728",68,"8,580","3,432","2,145",1.9,31.5,3.1,0.03,1.2,0.2,0.6,34.6,1.3,38.5,373,~43.8 K
Nagaland,2003,0.098,"1,633",180,"13,064",65,"8,165","3,266","2,041",1.4,22.1,2.3,0.02,0.9,0.1,0.5,24.3,1.0,27.2,277,~40.8 K
Nagaland,1998,0.092,"1,533",150,"12,264",61,"7,665","3,066",0,1.0,13.1,1.5,0.02,0.6,0.1,0.3,14.7,0.7,16.6,180,~36.6 K
Nagaland,1993,0.081,"1,350",100,"10,800",54,"6,750","2,700",0,0.6,6.3,1.0,0.01,0.4,0.1,0.2,7.3,0.4,8.5,104,~29.3 K
Nagaland,1989,0.058,966,50,"7,728",38,"4,830","1,932",0,0.3,2.1,0.5,0.00,0.2,0.0,0.1,2.6,0.2,3.2,54,~19.0 K
Nagaland,1987,0.056,933,50,"7,464",37,"4,665","1,866",0,0.2,1.8,0.4,0.00,0.1,0.0,0.1,2.1,0.2,2.6,46,~18.5 K
Nagaland,1982,0.049,816,50,"6,528",32,"4,080","1,632",0,0.1,1.1,0.2,0.00,0.1,0.0,0.0,1.3,0.1,1.5,30,~16.8 K
Nagaland,1977,0.040,666,50,"5,328",26,"3,330","1,332",0,0.1,0.7,0.1,0.00,0.0,0.0,0.0,0.8,0.1,0.9,23,~14.5 K
Nagaland,1974,0.035,583,50,"4,664",23,"2,915","1,166",0,0.0,0.5,0.1,0.00,0.0,0.0,0.0,0.6,0.0,0.7,19,~13.3 K
Manipur,2022,0.205,"2,968",350,"14,840",148,"14,840","5,936","4,006",6.00,122.00,7.50,0.10,3.50,0.60,1.50,129.50,4.20,141.20,688,~67.3 K
Manipur,2017,0.190,"2,753",280,"13,765",137,"13,765","5,506","3,716",5.51,78.40,5.51,0.11,3.30,0.44,2.20,83.91,3.85,95.47,502,~58.4 K
Manipur,2012,0.174,"2,521",250,"12,605",126,"12,605","5,042","3,403",3.47,48.13,3.47,0.07,2.08,0.28,1.39,51.59,2.43,58.87,338,~52.9 K
Manipur,2007,0.165,"2,391",200,"11,955",119,"11,955","4,782","3,227",2.39,28.00,2.39,0.05,1.43,0.19,0.96,30.39,1.67,35.41,214,~46.8 K
Manipur,2002,0.150,"2,173",150,"10,865",108,"10,865","4,346","2,933",1.63,15.75,1.63,0.03,0.98,0.13,0.65,17.38,1.14,20.80,138,~39.7 K
Manipur,2000,0.142,"2,057",100,"10,285",102,"10,285","4,114",0,1.29,8.75,1.29,0.03,0.77,0.10,0.51,10.04,0.90,12.74,89,~33.8 K
Manipur,1995,0.128,"1,855",100,"9,275",92,"9,275","3,710",0,0.83,6.30,0.83,0.02,0.50,0.07,0.33,7.13,0.58,8.89,69,~31.4 K
Manipur,1990,0.115,"1,666",60,"8,330",83,"8,330","3,332",0,0.50,2.52,0.50,0.01,0.30,0.04,0.20,3.02,0.35,4.07,35,~25.5 K
Manipur,1984,0.101,"1,463",40,"7,315",73,"7,315","2,926",0,0.29,1.12,0.29,0.01,0.18,0.02,0.12,1.41,0.20,2.03,20,~21.2 K
Manipur,1980,0.090,"1,304",40,"6,520",65,"6,520","2,608",0,0.16,0.70,0.16,0.00,0.10,0.01,0.07,0.86,0.11,1.21,13,~19.3 K
Manipur,1974,0.075,"1,086",20,"5,430",54,"5,430","2,172",0,0.08,0.21,0.08,0.00,0.05,0.01,0.03,0.29,0.06,0.46,6,~14.9 K
Goa,2022,0.116,"1,722",50,"5,166",57,"8,610","3,444","2,152",3.50,17.00,2.50,0.10,2.00,0.30,1.00,19.50,2.40,26.40,227,~21.8 K
Goa,2017,0.111,"1,656",50,"4,968",55,"8,280","3,312","2,070",2.65,14.00,1.99,0.04,1.66,0.26,0.66,15.99,1.96,21.26,191,~21.1 K
Goa,2012,0.102,"1,522",30,"4,566",50,"7,610","3,044","1,902",1.67,5.78,1.26,0.03,1.05,0.17,0.42,7.03,1.24,10.36,101,~18.0 K
Goa,2007,0.093,"1,388",30,"4,164",46,"6,940","2,776","1,735",1.11,4.20,0.83,0.02,0.69,0.11,0.28,5.03,0.82,7.24,77,~16.6 K
Goa,2002,0.087,"1,298",15,"3,894",43,"6,490","2,596","1,622",0.78,1.57,0.58,0.01,0.49,0.08,0.19,2.16,0.58,3.71,42,~14.4 K
Goa,1999,0.082,"1,223",15,"3,669",40,"6,115","2,446","1,528",0.61,1.31,0.46,0.01,0.38,0.06,0.15,1.77,0.45,2.99,36,~13.6 K
Goa,1994,0.075,"1,119",5,"3,357",37,"5,595","2,238",0,0.40,0.32,0.30,0.01,0.25,0.04,0.10,0.62,0.30,1.42,18,~11.7 K
Goa,1989,0.064,955,5,"2,865",31,"4,775","1,910",0,0.23,0.21,0.17,0.00,0.14,0.02,0.06,0.38,0.17,0.84,13,~10.0 K
Goa,1984,0.058,865,5,"2,595",28,"4,325","1,730",0,0.14,0.14,0.10,0.00,0.09,0.01,0.03,0.24,0.10,0.52,8,~9.1 K
Goa,1980,0.052,776,5,"2,328",25,"3,880","1,552",0,0.08,0.09,0.06,0.00,0.05,0.01,0.02,0.15,0.06,0.30,5,~8.2 K
Goa,1977,0.048,716,5,"2,148",23,"3,580","1,432",0,0.06,0.07,0.04,0.00,0.04,0.01,0.01,0.11,0.04,0.23,4,~7.6 K
Goa,1972,0.042,626,5,"1,878",20,"3,130","1,252",0,0.04,0.05,0.03,0.00,0.02,0.00,0.01,0.08,0.03,0.16,3,~6.7 K
Tripura,2023,0.281,"3,328",400,"11,648",110,"16,640","6,656","4,160",7.0,140.0,5.0,0.1,4.0,0.6,2.0,145.0,4.7,158.7,564,~71.1 K
Tripura,2018,0.257,"3,212",300,"11,242",107,"16,060","6,424","4,015",5.1,84.0,4.5,0.1,3.2,0.5,1.5,88.5,3.8,99.0,385,~60.8 K
Tripura,2013,0.235,"2,937",250,"10,279",97,"14,685","5,874","3,671",3.5,52.5,3.1,0.1,2.2,0.3,1.1,55.6,2.6,62.8,267,~53.4 K
Tripura,2008,0.203,"2,537",200,"8,879",84,"12,685","5,074","3,171",2.3,31.5,2.0,0.0,1.4,0.2,0.7,33.5,1.7,38.2,187,~44.7 K
Tripura,2003,0.193,"2,412",150,"8,442",80,"12,060","4,824","3,015",1.7,18.4,1.5,0.0,1.1,0.2,0.5,19.8,1.2,23.3,120,~38.9 K
Tripura,1998,0.172,"2,149",100,"7,521",71,"10,745","4,298",0,1.1,8.7,0.9,0.0,0.7,0.1,0.3,9.7,0.8,11.9,69,~31.6 K
Tripura,1993,0.156,"1,950",80,"6,825",65,"9,750","3,900",0,0.7,5.0,0.6,0.0,0.4,0.1,0.2,5.6,0.5,7.1,45,~27.7 K
Tripura,1988,0.134,"1,675",30,"5,862",55,"8,375","3,350",0,0.4,1.3,0.3,0.0,0.2,0.0,0.1,1.6,0.3,2.4,18,~20.3 K
Tripura,1983,0.114,"1,425",30,"4,987",47,"7,125","2,850",0,0.2,0.8,0.2,0.0,0.1,0.0,0.1,1.0,0.2,1.5,13,~17.7 K
Tripura,1977,0.096,"1,200",30,"4,200",40,"6,000","2,400",0,0.1,0.5,0.1,0.0,0.1,0.0,0.0,0.6,0.1,0.9,9,~15.3 K
Tripura,1972,0.076,950,30,"3,325",31,"4,750","1,900",0,0.1,0.3,0.0,0.0,0.0,0.0,0.0,0.4,0.0,0.5,6,~12.7 K
Mizoram,2023,0.086,"1,276",50,"5,104",42,"6,380","2,552","1,595",2.50,17.00,2.50,0.04,1.50,0.20,0.60,19.50,1.74,24.34,283,~18.6 K
Mizoram,2018,0.077,"1,149",50,"4,596",38,"5,745","2,298","1,436",1.84,14.00,1.84,0.03,1.15,0.18,0.55,15.84,1.36,19.59,254,~17.2 K
Mizoram,2013,0.069,"1,029",50,"4,116",34,"5,145","2,058","1,286",1.23,10.50,1.23,0.02,0.77,0.12,0.37,11.73,0.92,14.26,206,~15.9 K
Mizoram,2008,0.061,910,30,"3,640",30,"4,550","1,820","1,137",0.82,4.72,0.82,0.01,0.51,0.08,0.25,5.54,0.61,7.22,118,~12.7 K
Mizoram,2003,0.053,791,30,"3,164",26,"3,955","1,582",988,0.55,3.67,0.55,0.01,0.35,0.06,0.17,4.23,0.41,5.36,101,~11.4 K
Mizoram,1998,0.044,656,30,"2,624",21,"3,280","1,312",0,0.33,2.62,0.33,0.01,0.20,0.03,0.10,2.95,0.24,3.62,82,~9.9 K
Mizoram,1993,0.040,597,20,"2,388",19,"2,985","1,194",0,0.21,1.26,0.21,0.00,0.13,0.02,0.06,1.47,0.16,1.91,47,~8.4 K
Mizoram,1989,0.035,522,20,"2,088",17,"2,610","1,044",0,0.13,0.84,0.13,0.00,0.08,0.01,0.04,0.97,0.09,1.22,34,~7.6 K
Mizoram,1987,0.032,477,20,"1,908",15,"2,385",954,0,0.10,0.70,0.10,0.00,0.06,0.01,0.03,0.80,0.07,0.99,30,~7.1 K
Mizoram,1984,0.026,388,60,"1,552",12,"1,940",776,0,0.06,1.68,0.06,0.00,0.04,0.01,0.02,1.74,0.05,1.87,71,~9.7 K
Mizoram,1979,0.024,358,60,"1,432",11,"1,790",716,0,0.04,1.05,0.04,0.00,0.02,0.00,0.01,1.09,0.03,1.16,48,~9.3 K
Mizoram,1978,0.022,328,60,"1,312",10,"1,640",656,0,0.03,0.84,0.03,0.00,0.02,0.00,0.01,0.87,0.02,0.92,41,~9.0 K
Mizoram,1972,0.015,223,60,892,7,"1,115",446,0,0.01,0.63,0.01,0.00,0.01,0.00,0.00,0.64,0.01,0.67,44,~7.9 K
Maharashtra,2024,9.70,"1,00,186",650,"1,50,279","3,339","5,00,930","2,00,372","1,25,232",200.4,227.5,75.1,3.3,125.2,20.0,50.1,302.6,148.6,701.7,72,~9.1 Lakh
Maharashtra,2019,8.97,"96,654",500,"1,44,981","3,221","4,83,270","1,93,308","1,20,817",154.6,140.0,58.0,2.6,96.7,15.5,38.7,198.0,114.7,506.0,56,~8.7 Lakh
Maharashtra,2014,8.35,"91,329",400,"1,36,993","3,044","4,56,645","1,82,658","1,14,161",100.5,77.0,37.7,1.7,62.8,10.0,25.1,114.7,74.5,314.8,37,~8.1 Lakh
Maharashtra,2009,7.60,"80,000",250,"1,20,000","2,666","4,00,000","1,60,000","1,00,000",56.0,30.6,21.0,0.9,35.0,5.6,14.0,51.6,41.5,163.1,21,~7.1 Lakh
Maharashtra,2004,6.60,"70,000",150,"1,05,000","2,333","3,50,000","1,40,000","87,500",35.0,13.1,13.1,0.6,21.9,3.5,8.8,26.2,26.0,96.0,14,~6.1 Lakh
Maharashtra,1999,5.80,"65,000",80,"97,500","2,166","3,25,000","1,30,000",0,23.4,5.0,8.8,0.4,14.6,2.3,5.8,13.8,17.3,60.4,10,~5.6 Lakh
Maharashtra,1995,5.40,"60,000",50,"90,000","2,000","3,00,000","1,20,000",0,18.0,2.6,6.8,0.3,11.2,1.8,4.5,9.4,13.3,45.2,8,~5.2 Lakh
Maharashtra,1990,5.00,"55,000",50,"82,500","1,833","2,75,000","1,10,000",0,15.4,2.5,5.8,0.3,9.6,1.5,3.8,8.3,11.4,39.0,7,~4.8 Lakh
Maharashtra,1985,4.20,"46,000",20,"69,000","1,533","2,30,000","92,000",0,7.4,0.6,2.8,0.1,4.6,0.7,1.8,3.3,5.4,18.0,4,~3.9 Lakh
Maharashtra,1980,3.60,"40,000",20,"60,000","1,333","2,00,000","80,000",0,4.0,0.4,1.5,0.1,2.5,0.4,1.0,1.9,3.0,9.9,2,~3.4 Lakh
Maharashtra,1978,3.20,"35,000",20,"52,500","1,166","1,75,000","70,000",0,2.8,0.3,1.1,0.0,1.8,0.3,0.7,1.3,2.1,7.0,2,~3.0 Lakh
Tamil Nadu,2024,6.23,"68,321",190,"1,02,481","2,277","3,41,605","1,36,642","85,401",136.6,66.5,51.2,2.3,85.4,13.7,34.2,117.7,101.4,389.9,62,~5.9 Lakh
Tamil Nadu,2021,6.26,"88,937",300,"1,33,405","2,964","4,44,685","1,77,874","1,11,171",177.9,105.0,66.7,3.0,111.2,17.8,44.5,171.7,131.9,526.0,84,~7.8 Lakh
Tamil Nadu,2019,5.99,"67,720",160,"1,01,580","2,257","3,38,600","1,35,440","84,650",108.4,44.8,40.6,1.8,67.7,10.8,27.1,85.4,80.4,301.3,50,~5.9 Lakh
Tamil Nadu,2016,5.82,"65,616",280,"98,424","2,187","3,28,080","1,31,232","82,020",78.7,73.5,29.5,1.3,49.2,7.9,19.7,103.0,58.4,259.8,44,~5.8 Lakh
Tamil Nadu,2011,4.71,"54,016",240,"81,024","1,800","2,70,080","1,08,032","67,520",54.0,42.0,20.3,0.9,33.8,5.4,13.5,62.3,40.1,169.9,36,~4.7 Lakh
Tamil Nadu,2006,4.63,"51,500",180,"77,250","1,716","2,57,500","1,03,000","64,375",36.1,22.1,13.5,0.6,22.5,3.6,9.0,35.6,26.7,107.4,23,~4.5 Lakh
Tamil Nadu,2001,4.20,"48,000",100,"72,000","1,600","2,40,000","96,000","60,000",24.0,8.8,9.0,0.4,15.0,2.4,6.0,17.8,17.8,65.6,15,~4.2 Lakh
Tamil Nadu,1996,4.00,"46,000",50,"69,000","1,533","2,30,000","92,000",0,16.6,2.6,7.8,0.3,10.4,1.7,4.1,10.4,12.3,43.4,10,~4.0 Lakh
Tamil Nadu,1991,3.90,"44,000",40,"66,000","1,466","2,20,000","88,000",0,8.8,1.4,4.0,0.1,5.5,0.9,2.2,5.4,6.5,22.9,5,~3.8 Lakh
Tamil Nadu,1984,3.10,"38,000",20,"57,000","1,266","1,90,000","76,000",0,3.0,0.3,1.1,0.1,1.9,0.3,0.8,1.4,2.3,7.5,2,~3.3 Lakh
Tamil Nadu,1980,2.90,"35,000",20,"52,500","1,166","1,75,000","70,000",0,1.8,0.2,0.7,0.0,1.1,0.2,0.4,0.8,1.3,4.3,1,~3.0 Lakh
Chhattisgarh,2023,2.03,"24,109",700,"36,163",803,"1,20,545","48,218","30,136",48.2,245.0,18.1,0.8,30.1,4.8,12.1,263.1,35.7,359.1,176,~2.7 Lakh
Chhattisgarh,2018,1.85,"23,677",650,"35,515",789,"1,18,385","47,354","29,596",47.4,182.0,14.2,0.6,23.7,3.8,11.8,196.2,28.1,283.5,153,~2.6 Lakh
Chhattisgarh,2013,1.68,"21,424",550,"32,136",714,"1,07,120","42,848","26,780",25.7,115.5,8.0,0.4,16.1,2.6,6.4,123.5,19.1,174.7,104,~2.3 Lakh
Chhattisgarh,2008,1.50,"20,000",350,"30,000",666,"1,00,000","40,000","25,000",18.0,44.1,4.5,0.3,11.3,1.8,4.5,48.6,13.4,84.5,56,~1.9 Lakh
Chhattisgarh,2003,1.30,"18,000",200,"27,000",600,"90,000","36,000","22,500",12.6,21.0,2.8,0.2,7.9,1.3,3.2,23.8,9.3,49.0,37,~1.6 Lakh
Chhattisgarh,2000,1.20,"17,000",100,"25,500",566,"85,000","34,000",0,8.5,7.0,1.9,0.1,5.3,0.9,2.1,8.9,6.3,25.8,21,~1.4 Lakh
Jharkhand,2024,2.54,"29,562",500,"44,343",985,"1,47,810","59,124","36,952",59.0,175.0,20.0,1.0,37.0,6.0,14.0,195.0,44.0,312.0,122,~2.9 Lakh
Jharkhand,2019,2.26,"26,588",400,"39,882",886,"1,32,940","53,176","33,235",42.5,112.0,16.0,0.7,26.6,4.3,14.9,128.0,31.6,216.9,95,~2.6 Lakh
Jharkhand,2014,2.08,"24,470",350,"36,705",815,"1,22,350","48,940","30,587",29.4,73.5,11.0,0.5,18.4,2.9,10.3,84.5,21.8,145.9,70,~2.4 Lakh
Jharkhand,2009,1.80,"21,176",250,"31,764",705,"1,05,880","42,352","26,470",16.9,35.0,6.4,0.3,10.6,1.7,5.9,41.4,12.6,76.8,42,~2.0 Lakh
Jharkhand,2005,1.60,"18,823",200,"28,234",627,"94,115","37,646","23,528",11.3,21.0,4.2,0.2,7.1,1.1,4.0,25.2,8.4,48.9,30,~1.8 Lakh
Jharkhand,2000,1.45,"17,058",150,"25,587",568,"85,290","34,116",0,6.8,10.5,2.6,0.1,4.3,0.7,2.4,13.1,5.1,27.3,18,~1.6 Lakh
Jharkhand,1995,1.30,"15,294",100,"22,941",509,"76,470","30,588",0,4.6,5.3,1.7,0.1,2.9,0.5,1.6,7.0,3.4,16.6,12,~1.4 Lakh
Jharkhand,1990,1.15,"13,529",40,"20,293",450,"67,645","27,058",0,2.7,1.4,1.0,0.04,1.7,0.3,1.0,2.4,2.0,8.1,7,~1.2 Lakh
Jharkhand,1985,1.00,"11,764",40,"17,646",392,"58,820","23,528",0,1.4,0.8,0.5,0.02,0.9,0.1,0.5,1.4,1.1,4.3,4,~1.0 Lakh
Jharkhand,1980,0.88,"10,352",40,"15,528",345,"51,760","20,704",0,0.8,0.6,0.3,0.01,0.5,0.1,0.3,0.9,0.6,2.6,2,~0.9 Lakh
Jharkhand,1977,0.75,"8,823",40,"13,234",294,"44,115","17,646",0,0.5,0.4,0.2,0.01,0.3,0.1,0.2,0.6,0.4,1.7,2,~0.8 Lakh
Madhya Pradesh,2023,5.60,"64,523",550,"1,29,046","2,150","3,22,615","1,29,046","80,653",129.0,192.0,45.0,2.0,80.0,13.0,32.0,237.0,95.0,493.0,88,~6.3 Lakh
Madhya Pradesh,2018,5.04,"53,052",450,"1,06,104","1,768","2,65,260","1,06,104","66,315",84.9,126.0,42.4,1.4,53.1,8.5,25.5,168.4,63.0,341.7,67,~5.2 Lakh
Madhya Pradesh,2013,4.66,"49,052",450,"98,104","1,635","2,45,260","98,104","61,315",58.9,94.5,29.4,1.0,36.8,5.9,17.7,123.9,43.7,244.1,52,~4.8 Lakh
Madhya Pradesh,2008,3.60,"37,894",150,"75,788","1,263","1,89,470","75,788","47,367",34.1,23.6,17.1,0.6,21.3,3.4,10.2,40.7,25.3,110.3,30,~3.6 Lakh
Madhya Pradesh,2003,3.80,"40,000",150,"80,000","1,333","2,00,000","80,000","50,000",28.0,18.4,14.0,0.5,17.5,2.8,8.4,32.4,20.8,89.5,23,~3.7 Lakh
Madhya Pradesh,1998,4.50,"52,941",50,"1,05,882","1,764","2,64,705","1,05,882",0,26.5,4.4,13.2,0.4,16.5,2.7,7.9,17.6,19.6,71.7,15,~4.8 Lakh
Madhya Pradesh,1993,3.90,"45,882",50,"91,764","1,529","2,29,410","91,764",0,16.5,3.2,8.3,0.3,10.3,1.7,5.0,11.4,12.3,45.1,11,~4.2 Lakh
Madhya Pradesh,1990,3.50,"41,176",50,"82,352","1,372","2,05,880","82,352",0,9.9,2.1,4.9,0.2,6.2,1.0,3.0,7.0,7.3,27.2,7,~3.8 Lakh
Madhya Pradesh,1985,2.90,"34,117",20,"68,234","1,137","1,70,585","68,234",0,5.5,0.6,2.7,0.1,3.4,0.6,1.6,3.3,4.1,14.4,4,~3.1 Lakh
Madhya Pradesh,1980,2.50,"29,411",20,"58,822",980,"1,47,055","58,822",0,2.9,0.4,1.5,0.1,1.8,0.3,0.9,1.8,2.2,7.8,3,~2.7 Lakh
Madhya Pradesh,1977,2.20,"25,882",20,"51,764",862,"1,29,410","51,764",0,1.6,0.2,0.8,0.0,1.0,0.2,0.5,1.0,1.2,4.2,1,~2.4 Lakh
Haryana,2024,2.14,"24,740",400,"35,000",824,"1,23,700","49,480","30,925",49.5,140.0,17.5,0.8,30.9,5.0,12.4,157.5,36.7,256.1,119,~2.5 Lakh
Haryana,2022,2.14,"24,740",400,"35,000",824,"1,23,700","49,480","30,925",44.5,126.0,15.8,0.7,27.8,4.5,11.1,141.8,33.0,230.4,107,~2.5 Lakh
Haryana,2017,1.98,"22,600",450,"33,000",753,"1,13,000","45,200","28,250",31.6,110.3,11.6,0.5,19.8,3.2,7.9,121.8,23.5,184.8,93,~2.3 Lakh
Haryana,2012,1.76,"19,841",250,"30,000",661,"99,205","39,682","24,801",19.8,43.8,7.5,0.3,12.4,2.0,5.0,51.3,14.7,90.8,51,~1.9 Lakh
Haryana,2007,1.67,"16,500",200,"28,000",550,"82,500","33,000","20,625",11.6,24.5,4.9,0.2,7.2,1.2,2.9,29.4,8.6,52.4,31,~1.6 Lakh
Haryana,2002,1.58,"16,000",150,"25,000",533,"80,000","32,000","20,000",8.0,13.1,3.1,0.1,5.0,0.8,2.0,16.3,5.9,32.2,20,~1.5 Lakh
Haryana,1997,1.45,"17,058",300,"40,000",568,"85,290","34,116",0,6.1,18.9,3.6,0.1,3.8,0.6,1.5,22.5,4.6,34.7,23,~1.9 Lakh
Haryana,1992,1.32,"15,529",600,"50,000",517,"77,645","31,058",0,3.7,25.2,3.0,0.1,2.3,0.4,2.8,28.2,2.8,37.5,28,~2.1 Lakh
Haryana,1985,1.15,"13,529",350,"30,000",450,"67,645","27,058",0,1.9,8.6,1.1,0.0,1.2,0.2,0.5,9.6,1.4,13.4,11,~1.6 Lakh
Haryana,1980,0.98,"11,529",50,"20,000",384,"57,645","23,058",0,1.2,0.9,0.5,0.0,0.7,0.1,0.3,1.4,0.9,3.7,3,~1.1 Lakh
Haryana,1977,0.88,"10,352",50,"20,000",345,"51,760","20,704",0,0.6,0.5,0.3,0.0,0.4,0.1,0.2,0.8,0.5,2.1,2,~1.0 Lakh
Punjab,2022,0.55,"7,881",65,"11,821",262,"39,405","15,762","9,851",15.8,22.8,5.9,0.3,9.9,1.6,5.5,28.7,11.7,61.6,112,~73.1 K
Punjab,2017,0.50,"7,142",65,"10,713",238,"35,710","14,284","8,927",11.4,18.2,4.3,0.2,7.1,1.1,4.0,22.5,8.5,46.4,92,~66.8 K
Punjab,2012,0.46,"6,571",40,"9,856",219,"32,855","13,142","8,213",7.2,7.7,2.7,0.1,4.5,0.7,2.5,10.4,5.4,25.5,55,~59.7 K
Punjab,2007,0.45,"6,428",40,"9,642",214,"32,140","12,856","8,035",5.1,5.6,1.9,0.1,3.2,0.5,1.8,7.5,3.8,18.3,40,~58.5 K
Punjab,2003,0.41,"5,857",25,"8,785",195,"29,285","11,714","7,321",3.5,2.6,1.3,0.1,2.2,0.4,1.2,3.9,2.6,11.3,27,~52.2 K
Punjab,1998,0.38,"5,428",25,"8,142",180,"27,140","10,856",0,2.2,1.8,0.8,0.04,1.4,0.2,0.8,2.6,1.6,7.1,18,~48.6 K
Punjab,1993,0.33,"4,714",10,"7,071",157,"23,570","9,428",0,1.3,0.5,0.5,0.02,0.8,0.1,0.5,1.0,1.0,3.8,11,~41.1 K
Punjab,1990,0.30,"4,285",10,"6,427",142,"21,425","8,570",0,0.9,0.4,0.3,0.01,0.5,0.1,0.3,0.7,0.6,2.5,8,~37.5 K
Punjab,1985,0.26,"3,714",10,"5,571",123,"18,570","7,428",0,0.5,0.3,0.2,0.01,0.3,0.1,0.2,0.4,0.4,1.5,5,~32.6 K
Punjab,1982,0.24,"3,428",10,"5,142",114,"17,140","6,856",0,0.3,0.2,0.1,0.01,0.2,0.03,0.1,0.3,0.3,1.0,4,~30.2 K
Punjab,1977,0.20,"2,857",10,"4,285",95,"14,285","5,714",0,0.2,0.1,0.1,0.0,0.1,0.02,0.1,0.2,0.1,0.5,2,~25.3 K
Himachal,2022,0.82,"11,647",100,"17,470",388,"58,235","23,294","14,558",23.3,35.0,8.7,0.4,14.6,2.3,8.2,43.7,17.3,92.5,112,~1.1 Lakh
Himachal,2017,0.76,"10,857",100,"16,285",361,"54,285","21,714","13,571",17.4,28.0,6.5,0.3,10.9,1.7,6.1,34.5,12.9,70.9,93,~1.0 Lakh
Himachal,2012,0.69,"9,857",70,"14,785",328,"49,285","19,714","12,321",10.8,13.5,4.1,0.2,6.8,1.1,3.8,17.5,8.0,40.2,58,~0.9 Lakh
Himachal,2007,0.61,"8,714",70,"13,071",290,"43,570","17,428","10,892",7.0,9.8,2.6,0.1,4.4,0.7,2.4,12.4,5.2,27.0,44,~0.8 Lakh
Himachal,2002,0.53,"7,571",50,"11,356",252,"37,855","15,142","9,463",4.2,4.9,1.6,0.1,2.7,0.4,1.5,6.5,3.1,15.4,28,~0.7 Lakh
Himachal,1998,0.49,"7,000",30,"10,500",233,"35,000","14,000",0,2.8,2.1,1.1,0.1,1.8,0.3,1.0,3.2,2.1,9.0,18,~0.6 Lakh
Himachal,1996,0.46,"6,571",30,"9,856",219,"32,855","13,142",0,2.1,1.7,0.8,0.04,1.3,0.2,0.7,2.5,1.6,6.9,14,~0.6 Lakh
Himachal,1993,0.43,"6,142",30,"9,213",204,"30,710","12,284",0,1.5,1.3,0.6,0.02,0.9,0.2,0.5,1.8,1.1,4.9,11,~0.6 Lakh
Himachal,1991,0.40,"5,714",30,"8,571",190,"28,570","11,428",0,1.0,0.9,0.4,0.02,0.6,0.1,0.4,1.3,0.8,3.5,8,~0.5 Lakh
Himachal,1989,0.37,"5,285",15,"7,927",176,"26,425","10,570",0,0.9,0.4,0.3,0.01,0.5,0.1,0.3,0.7,0.6,2.5,6,~0.5 Lakh
Himachal,1985,0.33,"4,714",15,"7,071",157,"23,570","9,428",0,0.6,0.3,0.2,0.01,0.4,0.1,0.2,0.5,0.4,1.7,5,~0.4 Lakh
Himachal,1980,0.29,"4,142",15,"6,213",138,"20,710","8,284",0,0.3,0.2,0.1,0.01,0.2,0.03,0.1,0.3,0.3,1.0,3,~0.4 Lakh
Himachal,1977,0.25,"3,571",15,"5,356",119,"17,855","7,142",0,0.2,0.2,0.1,0.0,0.1,0.02,0.1,0.2,0.2,0.7,2,~0.3 Lakh
Uttarakhand,2020,1.47,"13,750",190,"41,250",458,"68,750","27,500","17,187",20.6,66.5,20.6,0.5,17.2,2.8,6.9,87.1,20.4,135.0,91,~1.6 Lakh
Uttarakhand,2015,1.33,"12,090",100,"36,270",403,"60,450","24,180","15,112",14.5,28.0,14.5,0.3,12.1,1.9,4.8,42.5,14.4,76.2,57,~1.3 Lakh
Uttarakhand,2013,1.19,"10,818",80,"32,454",360,"54,090","21,636","13,522",11.4,19.6,11.4,0.3,9.5,1.5,3.8,31.0,11.2,57.3,48,~1.2 Lakh
Uttarakhand,2008,1.07,"9,727",60,"29,181",324,"48,635","19,454","12,158",7.3,10.5,7.3,0.2,6.1,1.0,2.4,17.8,7.2,34.7,32,~1.0 Lakh
Uttarakhand,2003,0.84,"7,636",50,"22,908",254,"38,180","15,272","9,545",4.0,6.1,4.0,0.1,3.3,0.5,1.3,10.1,4.0,19.4,23,~0.8 Lakh
Uttarakhand,1998,0.80,"8,888",20,"26,664",296,"44,440","17,776","11,110",3.3,1.8,3.3,0.1,2.8,0.4,1.1,5.1,3.3,12.8,16,~0.9 Lakh
Uttarakhand,1993,0.57,"6,333",20,"18,999",211,"31,665","12,666",0,1.7,1.3,1.7,0.1,1.4,0.2,0.6,3.0,1.7,6.9,12,~0.7 Lakh
Uttarakhand,1991,0.55,"6,111",20,"18,333",203,"30,555","12,222",0,1.4,1.1,1.4,0.03,1.2,0.2,0.5,2.4,1.4,5.6,10,~0.6 Lakh
Uttarakhand,1984,0.35,"3,888",20,"11,664",129,"19,440","7,776",0,0.5,0.6,0.5,0.01,0.4,0.1,0.2,1.0,0.5,2.1,6,~0.4 Lakh
Uttarakhand,1980,0.30,"3,333",20,"9,999",111,"16,665","6,666",0,0.3,0.4,0.3,0.01,0.2,0.03,0.1,0.6,0.3,1.2,3,~0.4 Lakh
Uttarakhand,1977,0.26,"2,888",20,"8,664",96,"14,440","5,776",0,0.2,0.3,0.2,0.0,0.1,0.02,0.1,0.5,0.2,0.9,3,~0.3 Lakh
Uttarakhand,1972,0.22,"2,444",20,"7,332",81,"12,220","4,888",0,0.1,0.2,0.1,0.0,0.1,0.01,0.1,0.3,0.1,0.6,2,~0.3 Lakh
Delhi,2024,15.34,"1,62,012",800,"2,20,000","5,400","8,10,000","3,20,000","2,00,000",324.0,280.0,110.0,5.0,202.0,32.0,81.0,390.0,239.0,1034.0,67,~14.3 Lakh
Delhi,2022,15.03,"1,58,210",800,"2,37,315","5,273","7,90,000","3,10,000","1,90,000",284.8,252.0,106.8,4.8,178.0,28.5,71.2,358.8,211.2,926.0,61,~14.2 Lakh
Delhi,2019,14.61,"1,63,400",700,"2,45,100","5,446","8,10,000","3,20,000","2,00,000",261.4,196.0,98.0,4.4,163.4,26.1,65.4,294.0,193.9,814.7,55,~14.6 Lakh
Delhi,2017,14.12,"1,48,631",600,"2,22,946","4,954","7,40,000","2,90,000","1,80,000",208.1,147.0,78.0,3.5,130.1,20.8,52.0,225.0,154.3,639.5,45,~13.2 Lakh
Delhi,2014,13.88,"1,46,105",600,"2,19,157","4,870","7,30,000","2,90,000","1,80,000",160.7,115.5,60.3,2.7,100.5,16.1,40.2,175.8,119.2,495.9,35,~13.0 Lakh
Delhi,2012,12.75,"1,34,210",450,"2,01,315","4,473","6,70,000","2,60,000","1,60,000",120.8,70.9,45.3,2.0,75.5,12.1,30.2,116.2,89.6,356.7,27,~11.9 Lakh
Delhi,2009,11.60,"1,22,105",450,"1,83,157","4,070","6,10,000","2,40,000","1,50,000",85.5,55.1,32.1,1.4,53.4,8.6,21.4,87.2,63.4,257.4,22,~10.8 Lakh
Delhi,2007,11.40,"1,20,000",250,"1,80,000","4,000","6,00,000","2,40,000","1,50,000",72.0,26.3,27.0,1.2,45.0,7.2,18.0,53.3,53.4,196.7,17,~10.5 Lakh
Delhi,2004,11.00,"1,15,789",250,"1,73,683","3,859","5,70,000","2,30,000","1,40,000",57.9,21.9,21.7,1.0,36.2,5.8,14.5,43.6,42.9,158.9,14,~10.1 Lakh
Delhi,1999,10.20,"1,07,368",150,"1,61,052","3,578","5,30,000","2,10,000",0,38.7,9.5,14.5,0.6,24.2,3.9,9.7,23.9,28.7,100.9,9,~9.3 Lakh
Delhi,1996,9.80,"1,03,157",100,"1,54,735","3,438","5,10,000","2,00,000",0,31.0,5.3,11.6,0.5,19.3,3.1,7.7,16.9,23.0,78.5,8,~8.9 Lakh
Delhi,1991,8.50,"89,473",50,"1,34,209","2,982","4,40,000","1,70,000",0,14.3,1.4,5.4,0.2,9.0,1.4,3.6,6.8,10.6,35.3,4,~7.7 Lakh
Delhi,1984,6.20,"65,263",20,"97,894","2,175","3,20,000","1,30,000",0,5.2,0.3,2.0,0.1,3.3,0.5,1.3,2.2,3.9,12.6,2,~5.6 Lakh
Uttar Pradesh,2024,7.64,"77,392",300,"60,000","2,579","3,86,960","1,54,784","96,740",154.0,105.0,30.0,2.0,96.0,15.0,38.0,135.0,113.0,440.0,57,~6.3 Lakh
Uttar Pradesh,2020,7.29,"1,06,000",800,"1,59,000","3,533","5,30,000","2,12,000","1,32,500",270.3,238.0,67.6,3.0,112.6,18.0,45.1,305.6,133.7,754.6,103,~9.8 Lakh
Uttar Pradesh,2019,7.06,"70,600",300,"1,05,900","2,353","3,53,000","1,41,200","88,250",113.0,84.0,42.4,1.9,70.6,11.3,28.2,126.4,83.8,351.3,49,~6.3 Lakh
Uttar Pradesh,2015,6.68,"66,800",700,"1,00,200","2,226","3,34,000","1,33,600","83,500",80.2,147.0,30.1,1.3,50.1,8.0,20.0,177.1,59.5,336.7,50,~6.3 Lakh
Uttar Pradesh,2010,5.50,"55,000",500,"82,500","1,833","2,75,000","1,10,000","68,750",44.0,70.0,16.5,0.7,27.5,4.4,11.0,86.5,32.6,174.1,31,~5.1 Lakh
Uttar Pradesh,2005,5.27,"52,699",450,"79,048","1,756","2,63,495","1,05,398","65,873",31.6,47.3,11.9,0.5,19.8,3.2,7.9,59.1,23.5,122.1,23,~4.9 Lakh
Uttar Pradesh,2000,5.84,"58,400",350,"87,600","1,946","2,92,000","1,16,800","73,000",23.4,24.5,8.8,0.4,14.6,2.3,5.8,33.3,17.3,79.8,13,~5.3 Lakh
Uttar Pradesh,1995,5.60,"56,000",300,"84,000","1,866","2,80,000","1,12,000",0,16.8,15.8,6.3,0.3,10.5,1.7,4.2,22.1,12.5,55.5,9,~5.0 Lakh
Uttar Pradesh,1990,5.24,"52,400",100,"78,600","1,746","2,62,000","1,04,800",0,10.5,3.5,3.9,0.2,6.6,1.1,2.6,7.4,7.8,28.3,5,~4.6 Lakh
Uttar Pradesh,1985,4.80,"48,000",50,"72,000","1,600","2,40,000","96,000",0,5.8,1.1,2.2,0.1,3.6,0.6,1.4,3.2,4.3,14.7,3,~4.1 Lakh
Uttar Pradesh,1980,4.40,"44,000",50,"66,000","1,466","2,20,000","88,000",0,3.5,0.7,1.3,0.1,2.2,0.4,0.9,2.0,2.6,9.0,2,~3.8 Lakh
Uttar Pradesh,1977,4.00,"40,000",50,"60,000","1,333","2,00,000","80,000",0,2.4,0.5,0.9,0.04,1.5,0.2,0.6,1.4,1.8,6.2,1,~3.5 Lakh
Bihar,2024,0.046,573,30,"2,865",28,"2,865","1,146",773,1.1,10.0,1.5,0.02,0.7,0.1,0.3,11.5,0.8,13.7,298,~9.6 K
Bihar,2019,0.043,537,30,"2,685",26,"2,685","1,074",724,0.9,8.4,1.1,0.02,0.5,0.1,0.4,9.5,0.6,11.4,265,~9.2 K
Bihar,2014,0.037,462,30,"2,310",23,"2,310",924,623,0.6,6.3,0.7,0.01,0.4,0.1,0.3,7.0,0.4,8.2,222,~8.3 K
Bihar,2009,0.030,375,15,"1,875",18,"1,875",750,506,0.3,2.4,0.4,0.01,0.2,0.03,0.2,2.8,0.3,3.5,118,~5.9 K
Bihar,2004,0.028,350,15,"1,750",17,"1,750",700,472,0.2,1.8,0.3,0.01,0.2,0.02,0.1,2.1,0.2,2.7,96,~5.6 K
Bihar,1999,0.025,312,15,"1,560",15,"1,560",624,421,0.2,1.3,0.2,0.00,0.1,0.02,0.1,1.5,0.1,1.9,74,~5.1 K
Bihar,1994,0.021,262,5,"1,310",13,"1,310",524,0,0.1,0.3,0.1,0.00,0.1,0.01,0.1,0.4,0.1,0.7,30,~3.6 K
Bihar,1989,0.019,237,5,"1,185",11,"1,185",474,0,0.1,0.2,0.1,0.00,0.0,0.01,0.0,0.3,0.0,0.4,21,~3.3 K
Bihar,1985,0.015,200,5,"1,000",10,"1,000",400,0,0.0,0.1,0.0,0.00,0.0,0.00,0.0,0.2,0.0,0.3,16,~2.9 K
Bihar,1979,0.012,200,5,"1,000",10,"1,000",400,0,0.0,0.1,0.0,0.00,0.0,0.00,0.0,0.1,0.0,0.2,13,~2.9 K
Bihar,1974,0.010,200,5,"1,000",10,"1,000",400,0,0.0,0.1,0.0,0.00,0.0,0.00,0.0,0.1,0.0,0.1,9,~2.9 K
Sikkim,2024,7.59,"79,894",920,"1,19,841","2,663","3,99,470","1,59,788","99,867",165.9,369.5,59.9,2.7,99.9,16.0,40.0,429.4,118.5,753.7,99,~7.6 Lakh
Sikkim,2021,7.32,"78,903","1,071","1,18,354","2,630","3,94,515","1,57,806","98,628",158.0,374.0,35.0,2.0,98.0,16.0,39.0,409.0,116.0,722.0,98,~7.7 Lakh
Sikkim,2019,7.00,"73,684",750,"1,10,526","2,456","3,68,420","1,47,368","92,105",132.6,236.3,49.7,2.2,82.9,13.3,33.2,286.0,98.4,550.1,78,~7.0 Lakh
Sikkim,2016,6.55,"68,947",700,"1,03,420","2,298","3,44,735","1,37,894","86,183",103.4,183.8,38.8,1.7,64.6,10.3,25.9,222.5,76.7,428.5,65,~6.5 Lakh
Sikkim,2014,6.28,"66,105",500,"99,157","2,203","3,30,525","1,32,210","82,631",85.9,113.8,32.2,1.4,53.7,8.6,21.5,146.0,63.7,317.1,50,~6.1 Lakh
Sikkim,2011,5.60,"58,947",600,"88,420","1,964","2,94,735","1,17,894","73,683",59.0,105.0,22.1,1.0,36.8,5.9,14.7,127.1,43.7,244.5,43,~5.6 Lakh
Sikkim,2009,5.24,"55,157",400,"82,735","1,838","2,75,785","1,10,314","68,946",44.1,56.0,16.6,0.7,27.6,4.4,11.0,72.6,32.7,160.4,30,~5.1 Lakh
Sikkim,2006,4.82,"50,736",300,"76,104","1,691","2,53,680","1,01,472","63,420",35.5,36.8,13.3,0.6,22.2,3.6,8.9,50.1,26.3,120.8,25,~4.6 Lakh
Sikkim,2001,4.50,"47,368",150,"71,052","1,578","2,36,840","94,736","59,210",23.7,13.1,8.9,0.4,14.8,2.4,5.9,22.0,17.6,69.2,15,~4.2 Lakh
Sikkim,1996,4.10,"43,157",80,"64,735","1,438","2,15,785","86,314",0,15.5,5.0,5.8,0.3,9.7,1.6,3.9,10.9,11.5,41.8,10,~3.8 Lakh
Sikkim,1991,3.80,"40,000",60,"60,000","1,333","2,00,000","80,000",0,8.0,2.1,3.0,0.1,5.0,0.8,2.0,5.1,5.9,21.0,5,~3.5 Lakh
Sikkim,1987,3.50,"36,842",40,"55,263","1,228","1,84,210","73,684",0,5.2,1.0,1.9,0.1,3.2,0.5,1.3,2.9,3.8,13.2,3,~3.2 Lakh
Sikkim,1982,3.00,"31,578",25,"47,367","1,052","1,57,890","63,156",0,3.2,0.4,1.2,0.1,2.0,0.3,0.8,1.6,2.3,7.9,2,~2.7 Lakh
West Bengal,2024,2.45,"28,823",320,"43,234",960,"1,44,115","57,646","36,028",57.7,112.0,21.6,1.0,36.0,5.8,20.2,133.6,42.8,254.2,103,~2.7 Lakh
West Bengal,2021,2.33,"33,530",320,"50,295",1,117,"1,67,650","67,060","41,912",67.0,112.0,20.0,1.0,42.0,7.0,16.0,132.0,50.0,265.0,113,~3.1 Lakh
West Bengal,2016,1.99,"23,411",250,"35,116",780,"1,17,055","46,822","29,263",35.1,65.6,13.2,0.6,22.0,3.5,12.3,78.8,26.0,152.3,76,~2.2 Lakh
West Bengal,2011,1.81,"21,294",200,"31,941",709,"1,06,470","42,588","26,617",23.4,38.5,8.8,0.4,14.6,2.3,8.2,47.3,17.4,96.3,53,~2.0 Lakh
West Bengal,2006,1.74,"20,470",150,"30,705",682,"1,02,350","40,940","25,587",16.4,21.0,6.1,0.3,10.2,1.6,5.7,27.1,12.2,61.4,35,~1.9 Lakh
West Bengal,2001,1.44,"16,941",150,"25,411",564,"84,705","33,882","21,176",10.2,15.8,3.8,0.2,6.4,1.0,3.6,19.6,7.5,40.8,28,~1.6 Lakh
West Bengal,1996,1.25,"16,666",300,"24,999",555,"83,330","33,332",0,6.7,21.0,2.5,0.1,4.2,0.7,2.3,23.5,4.9,37.4,29,~1.7 Lakh
West Bengal,1991,1.18,"15,733",300,"23,599",524,"78,665","31,466",0,3.8,12.6,1.4,0.1,2.4,0.4,1.3,14.0,2.8,21.9,18,~1.6 Lakh
West Bengal,1985,0.98,"13,066",200,"19,599",435,"65,330","26,132",0,2.1,5.6,0.8,0.03,1.3,0.2,0.7,6.4,1.6,10.8,10,~1.3 Lakh
West Bengal,1983,0.87,"11,600",150,"17,400",386,"58,000","23,200",0,1.6,3.7,0.6,0.03,1.0,0.2,0.6,4.3,1.2,7.7,8,~1.1 Lakh
West Bengal,1978,0.79,"10,533",30,"15,799",351,"52,665","21,066",0,1.1,0.5,0.4,0.02,0.7,0.1,0.4,0.9,0.8,3.1,3,~0.9 Lakh
West Bengal,1972,0.63,"8,400",15,"12,600",280,"42,000","16,800",0,0.5,0.2,0.2,0.01,0.3,0.1,0.2,0.4,0.4,1.4,2,~0.7 Lakh
Odisha,2024,3.32,"37,606",150,"56,409","1,253","1,88,030","75,212","47,007",75.0,52.0,22.0,1.0,47.0,7.5,18.0,74.0,55.5,222.5,67,~3.3 Lakh
Odisha,2019,3.18,"37,606",150,"56,409","1,253","1,88,030","75,212","47,007",60.2,42.0,22.6,1.0,37.6,6.0,15.0,64.6,44.6,184.4,57,~3.3 Lakh
Odisha,2014,2.92,"32,444",100,"48,666","1,081","1,62,220","64,888","40,555",38.9,21.0,14.6,0.7,24.3,3.9,9.7,35.6,28.9,113.1,38,~2.9 Lakh
Odisha,2009,2.7,"30,000",100,"45,000","1,000","1,50,000","60,000","37,500",24.0,14.0,9.0,0.4,15.0,2.4,6.0,23.0,17.8,70.8,26,~2.6 Lakh
Odisha,2004,2.5,"27,777",50,"41,665",925,"1,38,885","55,554","34,721",16.7,5.3,6.3,0.3,10.4,1.7,4.2,11.5,12.4,44.7,17,~2.4 Lakh
Odisha,2000,2.41,"26,777",50,"40,165",892,"1,33,885","53,554",0,10.7,3.5,4.0,0.2,6.7,1.1,2.7,7.5,7.9,28.9,11,~2.3 Lakh
Odisha,1995,2.2,"24,444",20,"36,666",814,"1,22,220","48,888",0,7.3,1.1,2.8,0.1,4.6,0.7,1.8,3.8,5.4,18.4,8,~2.1 Lakh
Odisha,1990,1.97,"21,888",20,"32,832",729,"1,09,440","43,776",0,4.4,0.7,1.6,0.1,2.7,0.4,1.1,2.3,3.3,11.1,5,~1.9 Lakh
Odisha,1985,1.85,"20,555",20,"30,832",685,"1,02,775","41,110",0,2.9,0.5,1.1,0.1,1.8,0.3,0.7,1.6,2.1,7.3,3,~1.8 Lakh
Odisha,1980,1.55,"17,222",20,"25,833",574,"86,110","34,444",0,1.7,0.4,0.7,0.0,1.1,0.2,0.4,1.0,1.3,4.4,2,~1.5 Lakh
Odisha,1977,1.4,"15,555",20,"23,332",518,"77,775","31,110",0,1.2,0.3,0.5,0.0,0.8,0.1,0.3,0.8,0.9,3.2,2,~1.3 Lakh
Odisha,1974,1.3,"14,444",20,"21,666",481,"72,220","28,888",0,0.9,0.2,0.3,0.0,0.5,0.1,0.2,0.5,0.6,2.3,1,~1.3 Lakh
Telangana,2023,3.26,"35,356",375,"45,000","1,178","1,76,780","70,712","44,195",70.0,131.0,22.0,1.0,44.0,7.0,17.0,153.0,52.0,292.0,89,~3.3 Lakh
Telangana,2018,2.8,"29,473",280,"44,209",982,"1,47,365","58,946","36,841",47.2,78.4,17.7,0.8,29.5,4.7,11.8,96.1,35.0,190.0,67,~2.8 Lakh
Telangana,2014,2.82,"29,684",200,"44,526",989,"1,48,420","59,368","37,105",35.6,42.0,13.4,0.6,22.3,3.6,8.9,55.4,26.4,126.3,44,~2.7 Lakh
Telangana,2009,2.5,"26,315",150,"39,472",877,"1,31,575","52,630","32,893",21.1,21.0,7.9,0.4,13.2,2.1,5.3,28.9,15.6,70.8,28,~2.4 Lakh
Telangana,2004,2.2,"23,157",150,"34,735",771,"1,15,785","46,314","28,946",13.9,15.8,5.2,0.2,8.7,1.4,3.5,21.0,10.3,48.6,22,~2.1 Lakh
Telangana,1999,2.0,"21,052",50,"31,578",701,"1,05,260","42,104",0,9.3,3.9,3.5,0.2,5.8,0.9,2.3,7.3,6.9,25.8,12,~1.8 Lakh
Telangana,1994,1.8,"18,947",50,"28,420",631,"94,735","37,894",0,5.7,2.6,2.1,0.1,3.6,0.6,1.4,4.8,4.2,16.1,8,~1.7 Lakh
Telangana,1989,1.6,"16,842",50,"25,263",561,"84,210","33,684",0,3.4,1.8,1.3,0.1,2.1,0.3,0.8,3.0,2.5,9.7,6,~1.5 Lakh
Telangana,1985,1.4,"14,736",50,"22,104",491,"73,680","29,472",0,2.1,1.2,0.8,0.0,1.3,0.2,0.5,2.0,1.5,6.1,4,~1.3 Lakh
Telangana,1983,1.3,"13,684",50,"20,526",456,"68,420","27,368",0,1.4,0.9,0.5,0.0,0.9,0.1,0.3,1.4,1.0,4.1,3,~1.2 Lakh
Telangana,1978,1.1,"11,578",50,"17,367",385,"57,890","23,156",0,0.9,0.7,0.4,0.0,0.6,0.1,0.2,1.1,0.7,2.9,2,~1.0 Lakh
Gujarat,2022,4.90,"51,782",160,"77,673","1,726","2,58,910","1,03,564","64,727",103.0,56.0,25.0,1.5,64.0,10.0,26.0,81.0,75.5,285.5,58,~4.6 Lakh
Gujarat,2017,4.35,"45,789",300,"68,683","1,526","2,28,945","91,578","57,236",73.3,84.0,27.5,1.2,45.8,7.3,18.3,111.5,54.3,257.4,59,~4.2 Lakh
Gujarat,2012,3.80,"40,000",200,"60,000","1,333","2,00,000","80,000","50,000",44.0,38.5,16.5,0.7,27.5,4.4,11.0,55.0,32.6,142.6,37,~3.6 Lakh
Gujarat,2007,3.65,"38,421",250,"57,631","1,280","1,92,105","76,842","48,026",30.7,35.0,11.5,0.5,19.2,3.1,7.7,46.5,22.8,107.7,29,~3.5 Lakh
Gujarat,2002,3.32,"34,947",250,"52,420","1,164","1,74,735","69,894","43,683",21.0,26.3,7.9,0.4,13.1,2.1,5.2,34.1,15.6,75.9,22,~3.2 Lakh
Gujarat,1998,2.87,"30,210",50,"45,315","1,007","1,51,050","60,420",0,13.3,3.9,5.0,0.2,8.3,1.3,3.3,8.8,9.9,35.3,12,~2.6 Lakh
Gujarat,1995,2.70,"28,421",50,"42,631",947,"1,42,105","56,842",0,10.2,3.2,3.8,0.2,6.4,1.0,2.6,7.0,7.6,27.4,10,~2.5 Lakh
Gujarat,1990,2.40,"25,263",50,"37,894",842,"1,26,315","50,526",0,6.1,2.1,2.3,0.1,3.8,0.6,1.5,4.4,4.5,16.5,6,~2.2 Lakh
Gujarat,1985,1.90,"20,000",20,"30,000",666,"1,00,000","40,000",0,3.2,0.6,1.2,0.1,2.0,0.3,0.8,1.8,2.4,8.1,4,~1.7 Lakh
Gujarat,1980,1.60,"16,842",20,"25,263",561,"84,210","33,684",0,1.7,0.4,0.6,0.0,1.1,0.2,0.4,1.0,1.3,4.3,2,~1.5 Lakh
Gujarat,1975,1.40,"14,736",20,"22,104",491,"73,680","29,472",0,0.9,0.2,0.3,0.0,0.6,0.1,0.2,0.5,0.7,2.3,1,~1.3 Lakh
Rajasthan,2024,5.35,"53,500",700,"85,600","1,783","2,70,000","1,10,000","66,875",107.0,245.0,42.8,1.8,66.9,10.7,32.1,287.8,79.4,506.3,94,~5.2 Lakh
Rajasthan,2023,5.26,"51,756",700,"82,809","1,725","2,60,000","1,00,000","64,695",103.5,245.0,41.4,1.7,64.7,10.4,31.1,286.4,76.8,497.7,94,~5.1 Lakh
Rajasthan,2018,4.76,"47,600",600,"76,160","1,586","2,40,000","95,000","59,500",76.2,168.0,30.5,1.3,47.6,7.6,22.9,198.5,56.5,354.0,74,~4.6 Lakh
Rajasthan,2013,4.08,"40,800",450,"65,280","1,360","2,00,000","81,000","51,000",49.0,94.5,19.6,0.8,30.6,4.9,14.7,114.1,36.3,214.0,52,~3.9 Lakh
Rajasthan,2008,3.63,"36,300",300,"58,080","1,210","1,80,000","72,000","45,375",32.7,47.3,13.1,0.5,20.4,3.3,9.8,60.3,24.2,127.0,34,~3.4 Lakh
Rajasthan,2003,3.38,"33,800",150,"54,080","1,126","1,70,000","67,000","42,250",23.7,18.4,9.5,0.4,14.8,2.4,7.1,27.8,17.6,76.1,22,~3.1 Lakh
Rajasthan,1998,3.00,"35,294",50,"56,470","1,176","1,80,000","70,000",0,17.7,4.4,7.1,0.3,11.0,1.8,5.3,11.4,13.1,47.5,15,~3.1 Lakh
Rajasthan,1993,2.75,"32,352",50,"51,763","1,078","1,60,000","64,000",0,11.7,3.2,4.7,0.2,7.3,1.2,3.5,7.8,8.6,31.6,11,~2.8 Lakh
Rajasthan,1990,2.60,"30,588",50,"48,940","1,019","1,50,000","61,000",0,8.6,2.5,3.4,0.1,5.4,0.9,2.6,5.9,6.4,23.4,8,~2.7 Lakh
Rajasthan,1985,2.30,"27,058",20,"43,292",901,"1,40,000","54,000",0,4.3,0.6,1.7,0.1,2.7,0.4,1.3,2.3,3.2,11.1,4,~2.4 Lakh
Rajasthan,1980,1.95,"22,941",20,"36,705",764,"1,10,000","45,000",0,2.3,0.4,0.9,0.0,1.4,0.2,0.7,1.3,1.7,6.0,3,~2.0 Lakh
Rajasthan,1977,1.70,"20,000",20,"32,000",666,"1,00,000","40,000",0,1.6,0.3,0.6,0.0,1.0,0.2,0.5,0.9,1.2,4.2,2,~1.7 Lakh
Rajasthan,1972,1.45,"17,058",20,"27,292",568,"85,000","34,000",0,1.0,0.2,0.4,0.0,0.6,0.1,0.3,0.6,0.8,2.7,1,~1.5 Lakh